Columna,Valores Faltantes,Porcentaje
Consumer disputed?,22150,78.66884500639296
Sub-issue,14945,53.079272623952264
Sub-product,10574,37.55505043330019
State,421,1.4952408012501777
ZIP code,280,0.9944594402614008
Issue,2,0.007103281716152862
Complaint ID,0,0.0
Product,0,0.0
Date received,0,0.0
Date sent to company,0,0.0
Company,0,0.0
Company response,0,0.0
Timely response?,0,0.0
