column,outliers,percentage,lower_bound,upper_bound
has_loan,6902,24.51342520244353,0.0,0.0
has_credit,6252,22.204858644693847,0.0,0.0
has_debt,4739,16.831226026424208,0.0,0.0
is_weekend,3130,11.11663588577923,0.0,0.0
has_payment,2891,10.267793720698963,0.0,0.0
issue_length,1611,5.721693422361131,17.5,53.5
processing_days,1223,4.343656769427476,-7.5,12.5
has_identity,421,1.4952408012501777,0.0,0.0
has_fraud,408,1.449069470095184,0.0,0.0
sub-issue_length,365,1.2963489131978974,-2.0,38.0
